sensor_index,timestamp,angle,pressure,temperature
0,10.55628228187561,0,-25.933333333333334,22.455
0,11.168776035308838,0,-8.833333333333334,22.5
0,11.787747144699097,0,-12.966666666666667,22.5
0,12.40076994895935,0,-49.46666666666667,22.52
0,13.018011808395386,0,-43.55,22.495
0,13.634291172027588,0,-13.166666666666666,22.5
0,14.270277976989746,0,-33.06666666666667,22.48
0,14.882251501083374,0,-34.083333333333336,22.49
0,15.500211954116821,0,-20.05,22.52
0,16.112250089645386,0,-15.75,22.5
0,16.73034119606018,0,-21.55,22.485
0,17.342339515686035,0,-28.0,22.535
0,17.961484670639038,0,-37.3,22.52
0,18.573469638824463,0,-40.75,22.51
0,19.19178795814514,0,-16.9,22.47
0,19.812711477279663,0,-28.383333333333333,22.52
0,20.445653200149536,0,-33.15,22.505
0,21.057343244552612,0,-67.3,22.49
0,21.67469811439514,0,-38.5,22.52
0,22.286299467086792,0,-22.816666666666666,22.515
0,22.89806818962097,0,-13.716666666666667,22.505
0,23.515685558319092,0,-16.833333333333332,22.495
0,24.12722158432007,0,-37.166666666666664,22.505
0,24.74629044532776,0,-21.216666666666665,22.56
0,25.359458446502686,0,-30.966666666666665,22.525
0,25.998759508132935,0,-17.3,22.53
0,26.6128351688385,0,-22.883333333333333,22.56
0,27.22391653060913,0,-22.416666666666668,22.52
0,27.844678163528442,0,-6.7,22.52
0,28.458341360092163,0,-22.933333333333334,22.535
0,29.0795419216156,0,-16.216666666666665,22.54
0,29.69178819656372,0,-13.383333333333333,22.485
0,30.30406355857849,0,-7.35,22.555
0,30.924017429351807,0,-45.95,22.54
0,31.54739785194397,0,-22.983333333333334,22.53
0,32.1848623752594,0,-6.683333333333334,22.5
0,32.79684901237488,0,-9.65,22.52
0,33.41773772239685,0,-34.5,22.54
0,34.02933979034424,0,0.16666666666666666,22.51
0,34.64871287345886,0,-18.483333333333334,22.52
0,35.26020622253418,0,-15.083333333333334,22.5
0,35.88053059577942,0,-30.033333333333335,22.55
0,36.4932324886322,0,-37.8,22.55
0,37.10573863983154,0,-19.633333333333333,22.55
0,37.742058992385864,0,5.783333333333333,22.5
0,38.35408043861389,0,-35.2,22.49
0,38.97355079650879,0,-15.3,22.52
0,39.58472394943237,0,-36.3,22.56
0,40.19604277610779,0,9.0,22.525
0,40.817471504211426,0,-62.7,22.52
0,41.42949962615967,0,-40.31666666666667,22.545
0,42.05033087730408,0,-11.2,22.535
0,42.66175985336304,0,-39.666666666666664,22.55
0,43.30344104766846,0,-30.116666666666667,22.525
0,43.91601920127869,0,-14.133333333333333,22.525
0,44.52734661102295,0,-34.9,22.53
0,45.14789056777954,0,-5.283333333333333,22.54
0,45.75950574874878,0,3.6,22.525
0,46.380985736846924,0,-17.666666666666668,22.54
0,46.99265265464783,0,-27.616666666666667,22.54
0,47.60398244857788,0,-46.13333333333333,22.545
0,48.22607398033142,0,-18.8,22.51
0,48.85282373428345,0,-16.016666666666666,22.5
0,49.49626350402832,0,-65.73333333333333,22.555
0,50.108943700790405,0,-41.75,22.545
0,50.730767011642456,0,-35.13333333333333,22.52
0,51.342047691345215,0,-28.583333333333332,22.535
0,51.96376919746399,0,-25.883333333333333,22.5
0,52.57531189918518,0,-4.783333333333333,22.55
0,53.197821378707886,0,-11.833333333333334,22.57
0,53.8092725276947,0,-39.516666666666666,22.515
0,54.43148970603943,0,-32.15,22.52
0,55.055872201919556,0,5.383333333333334,22.5
0,55.70613980293274,0,-34.21666666666667,22.535
0,56.31777906417847,0,-37.4,22.52
0,56.9400269985199,0,-14.466666666666667,22.535
0,57.55134701728821,0,-8.45,22.52
0,58.17443490028381,0,-22.45,22.53
0,58.785544633865356,0,-34.516666666666666,22.52
0,59.397003412246704,0,-37.46666666666667,22.54
0,60.020954608917236,0,-13.816666666666666,22.525
0,60.63252115249634,0,-37.733333333333334,22.5
0,61.27752470970154,0,-1.5833333333333333,22.525
0,61.88929486274719,0,-19.316666666666666,22.54
0,62.513123512268066,0,-42.3,22.545
0,63.12486267089844,0,-14.25,22.5
0,63.74931478500366,0,-42.333333333333336,22.515
0,64.3612277507782,0,-30.966666666666665,22.565
0,64.98498463630676,0,-0.21666666666666667,22.52
0,65.59606218338013,0,-44.1,22.505
0,66.20708894729614,0,-19.1,22.57
0,66.85682916641235,0,-6.966666666666667,22.54
0,67.46850085258484,0,-18.166666666666668,22.535
0,68.09331130981445,0,4.483333333333333,22.515
0,68.70470643043518,0,-55.6,22.54
0,69.3155677318573,0,-1.85,22.52
0,69.94021368026733,0,-23.6,22.555
0,70.55167961120605,0,-26.95,22.54
0,71.17742252349854,0,-5.433333333333334,22.53
0,71.78890633583069,0,-8.5,22.515
0,72.4119336605072,0,-28.616666666666667,22.5
0,73.065185546875,0,-43.516666666666666,22.54
0,73.67730832099915,0,-50.03333333333333,22.575
0,74.30398654937744,0,-17.683333333333334,22.54
0,74.91701650619507,0,-25.266666666666666,22.54
0,75.52827334403992,0,4.383333333333334,22.52
0,76.15293407440186,0,-42.81666666666667,22.53
0,76.7643141746521,0,-47.8,22.56
0,77.38981509208679,0,-42.11666666666667,22.505
0,78.00208711624146,0,-17.4,22.53
0,78.62681722640991,0,-26.65,22.535
0,79.27882742881775,0,-21.783333333333335,22.505
0,79.8903865814209,0,-9.616666666666667,22.54
0,80.51540875434875,0,-8.233333333333333,22.52
0,81.12667679786682,0,-20.583333333333332,22.515
0,81.75152111053467,0,-46.916666666666664,22.54
0,82.36295652389526,0,-17.666666666666668,22.525
0,82.9884831905365,0,-22.483333333333334,22.51
0,83.59986543655396,0,-57.516666666666666,22.535
0,84.2111976146698,0,-34.85,22.52
0,84.86157774925232,0,-53.4,22.52
0,85.47296166419983,0,-25.9,22.535
0,86.09813165664673,0,-43.1,22.51
0,86.70951390266418,0,-44.75,22.525
0,87.32051396369934,0,-48.233333333333334,22.53
0,87.94650912284851,0,-26.266666666666666,22.55
0,88.55789542198181,0,-19.816666666666666,22.515
0,89.18298149108887,0,22.75,22.52
0,89.79489612579346,0,-11.55,22.495
0,90.4194586277008,0,1.6333333333333333,22.52
0,91.07169675827026,0,-2.9,22.545
0,91.6831624507904,0,-9.95,22.53
0,92.30825781822205,0,-7.7,22.51
0,92.9196982383728,0,-18.816666666666666,22.55
0,93.53082227706909,0,-48.266666666666666,22.56
0,94.15657019615173,0,-13.466666666666667,22.52
0,94.7683494091034,0,-36.31666666666667,22.555
0,95.39556407928467,0,-33.78333333333333,22.535
0,96.00680184364319,0,-32.68333333333333,22.525
0,96.62908554077148,0,-15.483333333333333,22.525
0,97.28057026863098,0,-8.783333333333333,22.525
0,97.89262413978577,0,-13.483333333333333,22.52
0,98.51838946342468,0,-8.55,22.54
0,99.12936925888062,0,-24.483333333333334,22.55
0,99.75461745262146,0,1.8166666666666667,22.54
0,100.36633634567261,0,-6.583333333333333,22.52
0,100.99154496192932,0,-0.6,22.535
0,101.60323071479797,0,-6.133333333333334,22.525
0,102.21452212333679,0,-0.3,22.535
0,102.8673005104065,0,-1.0833333333333333,22.525
0,103.47938275337219,0,-1.2333333333333334,22.515
0,104.10414242744446,0,-0.25,22.5
0,104.71543788909912,0,-1.1,22.535
0,105.32645106315613,0,-0.2833333333333333,22.58
0,105.95252680778503,0,-0.4,22.545
0,106.5634937286377,0,-0.3,22.525
0,107.18806052207947,0,-0.43333333333333335,22.5
0,107.79908800125122,0,-0.4,22.54
0,108.42241644859314,0,-0.43333333333333335,22.52
0,109.07325768470764,0,-0.38333333333333336,22.54
0,109.68498063087463,0,-0.18333333333333332,22.515
0,110.3109118938446,0,-0.5166666666666667,22.53
0,110.92300081253052,0,-0.8666666666666667,22.525
0,111.54847979545593,0,-0.016666666666666666,22.52
0,112.16032934188843,0,-0.35,22.52
0,112.78570032119751,0,-0.35,22.515
0,113.39842295646667,0,-0.23333333333333334,22.505
0,114.0104284286499,0,-0.5,22.515
0,114.66014409065247,0,-0.2833333333333333,22.545
0,115.27744936943054,0,-0.25,22.545
0,115.90143275260925,0,-0.3333333333333333,22.525
0,116.51327323913574,0,-0.4166666666666667,22.55
0,117.12484645843506,0,-0.31666666666666665,22.495
0,117.74857115745544,0,-0.18333333333333332,22.515
0,118.36056518554688,0,-0.23333333333333334,22.485
1,10.658468961715698,0,-48.9,22.36
1,11.270575761795044,0,-27.883333333333333,22.375
1,11.890956401824951,0,-56.983333333333334,22.405
1,12.502686023712158,0,-64.55,22.41
1,13.120021104812622,0,-52.416666666666664,22.415
1,13.738163948059082,0,-45.35,22.415
1,14.372596025466919,0,-28.0,22.43
1,14.984174728393555,0,-53.2,22.42
1,15.6023530960083,0,-47.93333333333333,22.445
1,16.214088678359985,0,-29.283333333333335,22.445
1,16.83245348930359,0,-30.65,22.44
1,17.44409465789795,0,-62.78333333333333,22.465
1,18.06362509727478,0,-64.0,22.455
1,18.675391674041748,0,-43.63333333333333,22.405
1,19.293828010559082,0,-59.666666666666664,22.455
1,19.9167001247406,0,-45.38333333333333,22.44
1,20.547743320465088,0,-45.483333333333334,22.43
1,21.159212827682495,0,-65.65,22.43
1,21.776745557785034,0,-24.45,22.425
1,22.38813543319702,0,-31.85,22.46
1,22.999833822250366,0,-48.483333333333334,22.46
1,23.617679357528687,0,-55.016666666666666,22.475
1,24.229077577590942,0,-76.13333333333334,22.445
1,24.848280906677246,0,-78.3,22.445
1,25.46324396133423,0,-47.55,22.445
1,26.10299801826477,0,-68.65,22.46
1,26.71469497680664,0,-28.016666666666666,22.445
1,27.325727224349976,0,-50.5,22.47
1,27.94703483581543,0,-38.53333333333333,22.475
1,28.56046962738037,0,-38.5,22.43
1,29.181735277175903,0,-63.56666666666667,22.445
1,29.793754816055298,0,-59.13333333333333,22.435
1,30.405977725982666,0,-39.05,22.415
1,31.027748584747314,0,-62.5,22.48
1,31.65127420425415,0,-42.31666666666667,22.45
1,32.28726768493652,0,-56.516666666666666,22.455
1,32.89875912666321,0,-55.53333333333333,22.455
1,33.51977896690369,0,-44.15,22.445
1,34.131224632263184,0,-62.63333333333333,22.46
1,34.75074219703674,0,-50.86666666666667,22.47
1,35.36203384399414,0,-47.65,22.445
1,35.9829638004303,0,-25.166666666666668,22.435
1,36.59532952308655,0,-35.833333333333336,22.46
1,37.20766568183899,0,-54.78333333333333,22.43
1,37.84433603286743,0,-65.05,22.465
1,38.455810546875,0,-28.216666666666665,22.45
1,39.07558465003967,0,-61.75,22.475
1,39.686529874801636,0,-62.05,22.435
1,40.297882318496704,0,-33.88333333333333,22.455
1,40.91958427429199,0,-38.166666666666664,22.485
1,41.53150415420532,0,-47.75,22.445
1,42.152363538742065,0,-54.233333333333334,22.42
1,42.765334367752075,0,-50.46666666666667,22.475
1,43.40589618682861,0,-42.25,22.47
1,44.01794147491455,0,-21.65,22.44
1,44.62925100326538,0,-38.3,22.46
1,45.24991273880005,0,-39.75,22.455
1,45.861222982406616,0,-77.31666666666666,22.47
1,46.48309826850891,0,-59.86666666666667,22.49
1,47.09459042549133,0,-59.75,22.47
1,47.70578050613403,0,-51.416666666666664,22.47
1,48.33094143867493,0,-73.98333333333333,22.46
1,48.95668005943298,0,0.43333333333333335,22.46
1,49.59872913360596,0,-28.633333333333333,22.49
1,50.21079397201538,0,-59.8,22.505
1,50.83283042907715,0,-30.416666666666668,22.435
1,51.443827867507935,0,-84.08333333333333,22.435
1,52.06579566001892,0,-62.03333333333333,22.455
1,52.67725682258606,0,-32.65,22.475
1,53.299853563308716,0,-39.4,22.475
1,53.91102457046509,0,-16.683333333333334,22.455
1,54.535353660583496,0,-51.35,22.46
1,55.15985727310181,0,-59.266666666666666,22.455
1,55.808286905288696,0,-40.85,22.465
1,56.419573068618774,0,-50.13333333333333,22.475
1,57.04203653335571,0,-68.83333333333333,22.465
1,57.65332508087158,0,-68.85,22.485
1,58.276389598846436,0,-39.3,22.48
1,58.88736534118652,0,-56.71666666666667,22.475
1,59.49891471862793,0,-43.416666666666664,22.47
1,60.123080015182495,0,-62.833333333333336,22.465
1,60.73432660102844,0,-13.616666666666667,22.485
1,61.379785776138306,0,-47.61666666666667,22.43
1,61.991111755371094,0,-86.46666666666667,22.475
1,62.61524486541748,0,-26.75,22.47
1,63.22672247886658,0,-21.133333333333333,22.475
1,63.85137343406677,0,-66.23333333333333,22.495
1,64.46300411224365,0,-29.466666666666665,22.425
1,65.08704376220703,0,-14.75,22.47
1,65.69782614707947,0,-57.13333333333333,22.465
1,66.31034111976624,0,-58.65,22.445
1,66.95909643173218,0,-44.6,22.475
1,67.57042574882507,0,-47.766666666666666,22.485
1,68.19541692733765,0,-41.31666666666667,22.465
1,68.80651807785034,0,-31.533333333333335,22.475
1,69.41740107536316,0,-46.516666666666666,22.455
1,70.04230523109436,0,-67.35,22.48
1,70.65363097190857,0,-64.91666666666667,22.465
1,71.27956342697144,0,-58.766666666666666,22.465
1,71.89232611656189,0,-46.666666666666664,22.46
1,72.51576566696167,0,-65.88333333333334,22.465
1,73.16740393638611,0,-52.11666666666667,22.475
1,73.77918982505798,0,-37.516666666666666,22.48
1,74.40721940994263,0,-51.833333333333336,22.49
1,75.01902222633362,0,-66.88333333333334,22.465
1,75.63017749786377,0,-50.06666666666667,22.485
1,76.2549889087677,0,-34.25,22.475
1,76.86613702774048,0,-42.833333333333336,22.435
1,77.49186873435974,0,-70.5,22.475
1,78.10587978363037,0,-35.88333333333333,22.47
1,78.73062562942505,0,-22.0,22.515
1,79.38085746765137,0,-37.56666666666667,22.47
1,79.99229431152344,0,-66.73333333333333,22.49
1,80.61741781234741,0,-101.8,22.43
1,81.2284996509552,0,-38.05,22.465
1,81.85354971885681,0,-63.916666666666664,22.44
1,82.46484661102295,0,-26.25,22.45
1,83.09052610397339,0,-49.21666666666667,22.455
1,83.70168566703796,0,-64.81666666666666,22.455
1,84.31445050239563,0,-16.7,22.435
1,84.96369814872742,0,-60.016666666666666,22.48
1,85.57481169700623,0,-83.91666666666667,22.46
1,86.20019268989563,0,-3.1,22.435
1,86.81137776374817,0,-18.666666666666668,22.475
1,87.42233753204346,0,-73.83333333333333,22.475
1,88.04853320121765,0,-40.86666666666667,22.5
1,88.65981912612915,0,-85.05,22.485
1,89.28513288497925,0,-62.3,22.465
1,89.89866375923157,0,-66.63333333333334,22.45
1,90.52350878715515,0,-61.916666666666664,22.485
1,91.1737699508667,0,-11.2,22.44
1,91.78492569923401,0,-48.983333333333334,22.45
1,92.41026425361633,0,-59.4,22.475
1,93.02165675163269,0,-63.93333333333333,22.475
1,93.63269352912903,0,-38.05,22.42
1,94.2588038444519,0,-30.683333333333334,22.45
1,94.8703064918518,0,-7.783333333333333,22.48
1,95.49761509895325,0,-37.25,22.475
1,96.10987424850464,0,-89.93333333333334,22.51
1,96.7329683303833,0,-25.816666666666666,22.475
1,97.38272333145142,0,-41.983333333333334,22.455
1,97.9943835735321,0,-11.633333333333333,22.465
1,98.62037587165833,0,-22.65,22.48
1,99.23119902610779,0,-28.133333333333333,22.505
1,99.85666561126709,0,-19.433333333333334,22.475
1,100.46816444396973,0,-13.216666666666667,22.455
1,101.09367513656616,0,-11.583333333333334,22.46
1,101.7051134109497,0,-3.15,22.48
1,102.31795811653137,0,-5.933333333333334,22.48
1,102.9696090221405,0,-3.1333333333333333,22.455
1,103.58113026618958,0,-2.3833333333333333,22.48
1,104.20615792274475,0,-1.2166666666666666,22.47
1,104.81722235679626,0,-0.2,22.485
1,105.4282124042511,0,-1.7,22.47
1,106.05449891090393,0,-0.4166666666666667,22.49
1,106.66538643836975,0,-0.6166666666666667,22.495
1,107.29007148742676,0,-0.35,22.49
1,107.90280795097351,0,-0.11666666666666667,22.485
1,108.52621078491211,0,-0.4166666666666667,22.47
1,109.17558550834656,0,-0.3333333333333333,22.445
1,109.78678917884827,0,-0.26666666666666666,22.495
1,110.41298151016235,0,-0.6666666666666666,22.49
1,111.02520871162415,0,0.15,22.475
1,111.65057921409607,0,-0.11666666666666667,22.495
1,112.2623074054718,0,-0.5333333333333333,22.475
1,112.88778495788574,0,-0.3333333333333333,22.48
1,113.50048184394836,0,-0.2833333333333333,22.5
1,114.11394762992859,0,-0.36666666666666664,22.52
1,114.76236462593079,0,-0.4166666666666667,22.495
1,115.37921571731567,0,-0.5333333333333333,22.525
1,116.00343322753906,0,-0.55,22.47
1,116.61523294448853,0,-0.35,22.45
1,117.22667908668518,0,-0.5,22.48
1,117.85057187080383,0,0.03333333333333333,22.475
1,118.46240425109863,0,-0.48333333333333334,22.495
2,10.760528802871704,0,-62.56666666666667,22.455
2,11.372375726699829,0,-52.85,22.495
2,11.99293065071106,0,-39.1,22.515
2,12.604766845703125,0,-56.7,22.52
2,13.22173285484314,0,-29.133333333333333,22.565
2,13.841902017593384,0,-35.81666666666667,22.525
2,14.474581956863403,0,-49.61666666666667,22.54
2,15.08612060546875,0,-62.56666666666667,22.505
2,15.704344034194946,0,-51.5,22.54
2,16.31608486175537,0,-56.46666666666667,22.56
2,16.934433221817017,0,-40.95,22.57
2,17.546154260635376,0,-35.13333333333333,22.545
2,18.165619373321533,0,-23.216666666666665,22.54
2,18.777332544326782,0,-57.7,22.55
2,19.396899461746216,0,-45.916666666666664,22.54
2,20.020722150802612,0,-30.166666666666668,22.53
2,20.649771690368652,0,-53.88333333333333,22.565
2,21.26094889640808,0,-37.93333333333333,22.55
2,21.87846541404724,0,-15.366666666666667,22.58
2,22.49005126953125,0,-73.53333333333333,22.59
2,23.10176992416382,0,-31.383333333333333,22.54
2,23.719518661499023,0,-71.05,22.57
2,24.33106541633606,0,-41.2,22.56
2,24.950921058654785,0,-55.63333333333333,22.57
2,25.568015336990356,0,-45.85,22.56
2,26.205075979232788,0,-59.78333333333333,22.57
2,26.81644058227539,0,-59.68333333333333,22.58
2,27.427778244018555,0,-58.916666666666664,22.54
2,28.04944372177124,0,-54.4,22.565
2,28.662757396697998,0,-66.36666666666666,22.56
2,29.283714294433594,0,-44.68333333333333,22.565
2,29.89586639404297,0,-53.5,22.565
2,30.508023500442505,0,-59.43333333333333,22.55
2,31.131664752960205,0,-57.96666666666667,22.55
2,31.755112171173096,0,-33.516666666666666,22.58
2,32.38927984237671,0,-40.016666666666666,22.54
2,33.00061345100403,0,-67.38333333333334,22.58
2,33.621681690216064,0,-47.31666666666667,22.585
2,34.232993841171265,0,-46.416666666666664,22.575
2,34.85255694389343,0,-15.533333333333333,22.56
2,35.463786602020264,0,-71.41666666666667,22.6
2,36.0851194858551,0,-46.45,22.58
2,36.6973295211792,0,-38.21666666666667,22.555
2,37.311217308044434,0,-32.85,22.54
2,37.946398973464966,0,-41.61666666666667,22.585
2,38.55772638320923,0,-53.06666666666667,22.56
2,39.177409648895264,0,-51.96666666666667,22.58
2,39.78833794593811,0,-38.85,22.56
2,40.39970278739929,0,-43.43333333333333,22.555
2,41.02166390419006,0,-65.71666666666667,22.56
2,41.63364291191101,0,-37.03333333333333,22.58
2,42.25414752960205,0,-37.21666666666667,22.56
2,42.86930537223816,0,-30.533333333333335,22.56
2,43.5079824924469,0,-44.983333333333334,22.59
2,44.120007276535034,0,-61.56666666666667,22.56
2,44.73110485076904,0,-42.68333333333333,22.56
2,45.35188817977905,0,-29.666666666666668,22.565
2,45.96302151679993,0,-16.383333333333333,22.55
2,46.585206031799316,0,-33.333333333333336,22.6
2,47.196420192718506,0,-67.51666666666667,22.59
2,47.80763864517212,0,-36.916666666666664,22.585
2,48.435524702072144,0,-59.65,22.54
2,49.060657024383545,0,-47.35,22.565
2,49.70107316970825,0,-52.11666666666667,22.6
2,50.312649726867676,0,-49.666666666666664,22.58
2,50.934667110443115,0,-81.35,22.595
2,51.5457067489624,0,-33.46666666666667,22.55
2,52.16765880584717,0,-75.96666666666667,22.59
2,52.77914762496948,0,-34.166666666666664,22.565
2,53.40168285369873,0,-65.78333333333333,22.55
2,54.0129497051239,0,-31.083333333333332,22.555
2,54.639524936676025,0,-39.0,22.6
2,55.26362228393555,0,-42.61666666666667,22.55
2,55.910295248031616,0,-42.516666666666666,22.59
2,56.52139091491699,0,-55.46666666666667,22.58
2,57.14387631416321,0,-63.21666666666667,22.58
2,57.75527215003967,0,-35.75,22.625
2,58.37821626663208,0,-26.116666666666667,22.57
2,58.98919486999512,0,-58.85,22.555
2,59.60092091560364,0,-56.53333333333333,22.58
2,60.22501254081726,0,-51.516666666666666,22.585
2,60.83798050880432,0,-48.36666666666667,22.59
2,61.481733322143555,0,-40.916666666666664,22.585
2,62.093095779418945,0,-51.31666666666667,22.57
2,62.7170934677124,0,-60.0,22.555
2,63.32861375808716,0,-74.5,22.545
2,63.9535596370697,0,-29.6,22.56
2,64.56496453285217,0,-42.416666666666664,22.58
2,65.18891310691833,0,-39.333333333333336,22.605
2,65.79963994026184,0,-81.86666666666666,22.57
2,66.41419768333435,0,-57.1,22.61
2,67.06118035316467,0,-31.716666666666665,22.595
2,67.67232918739319,0,-58.45,22.6
2,68.297283411026,0,-57.06666666666667,22.56
2,68.90823602676392,0,-41.56666666666667,22.56
2,69.51929950714111,0,-32.333333333333336,22.555
2,70.14416885375977,0,-17.566666666666666,22.58
2,70.75541424751282,0,-75.76666666666667,22.58
2,71.38142418861389,0,-48.766666666666666,22.59
2,71.99617576599121,0,-62.266666666666666,22.56
2,72.61987948417664,0,-13.916666666666666,22.575
2,73.26951432228088,0,-57.78333333333333,22.575
2,73.88102293014526,0,-72.06666666666666,22.58
2,74.50924015045166,0,-54.4,22.58
2,75.12080502510071,0,-60.18333333333333,22.58
2,75.73196697235107,0,-64.33333333333333,22.58
2,76.35683917999268,0,-71.63333333333334,22.585
2,76.96786451339722,0,-55.95,22.58
2,77.59395217895508,0,-45.18333333333333,22.615
2,78.21007251739502,0,-95.38333333333334,22.565
2,78.8345034122467,0,-52.81666666666667,22.58
2,79.48284387588501,0,-76.68333333333334,22.58
2,80.09423971176147,0,-42.266666666666666,22.58
2,80.71923494338989,0,-69.35,22.565
2,81.3302218914032,0,-80.28333333333333,22.58
2,81.95533561706543,0,-60.4,22.595
2,82.56669354438782,0,-61.68333333333333,22.58
2,83.19248795509338,0,-49.6,22.58
2,83.80351758003235,0,-94.78333333333333,22.595
2,84.41831064224243,0,-83.88333333333334,22.575
2,85.06569981575012,0,-56.61666666666667,22.54
2,85.67674589157104,0,-73.51666666666667,22.58
2,86.30204391479492,0,-59.31666666666667,22.58
2,86.9130744934082,0,-62.56666666666667,22.595
2,87.52416801452637,0,-80.06666666666666,22.6
2,88.15048670768738,0,-100.38333333333334,22.585
2,88.7615954875946,0,-57.0,22.6
2,89.38723468780518,0,-92.53333333333333,22.575
2,90.00324964523315,0,-57.86666666666667,22.615
2,90.62761759757996,0,-66.36666666666666,22.56
2,91.27575469017029,0,-56.25,22.57
2,91.88671445846558,0,-67.4,22.57
2,92.51203489303589,0,-45.3,22.57
2,93.12353587150574,0,-81.01666666666667,22.57
2,93.73447036743164,0,-59.18333333333333,22.58
2,94.36065125465393,0,-52.35,22.56
2,94.97239685058594,0,-84.36666666666666,22.57
2,95.59952735900879,0,-66.2,22.56
2,96.21359872817993,0,-44.4,22.56
2,96.83687663078308,0,-41.233333333333334,22.61
2,97.4848153591156,0,-44.38333333333333,22.595
2,98.0964343547821,0,-32.983333333333334,22.575
2,98.72215867042542,0,-13.45,22.595
2,99.33294129371643,0,-24.65,22.56
2,99.95875644683838,0,-17.35,22.55
2,100.56989288330078,0,-16.166666666666668,22.585
2,101.19566130638123,0,-9.166666666666666,22.6
2,101.80697560310364,0,-9.2,22.58
2,102.42192912101746,0,-5.583333333333333,22.61
2,103.0716495513916,0,-2.6166666666666667,22.58
2,103.68303680419922,0,-2.4833333333333334,22.6
2,104.30805087089539,0,-1.9166666666666667,22.58
2,104.91917586326599,0,-1.6166666666666667,22.6
2,105.52998638153076,0,-1.2,22.58
2,106.15622305870056,0,-0.6833333333333333,22.615
2,106.76721096038818,0,-0.45,22.57
2,107.39178919792175,0,-0.7666666666666667,22.555
2,108.00657081604004,0,-0.5666666666666667,22.585
2,108.63019132614136,0,-0.5166666666666667,22.595
2,109.27757620811462,0,-0.55,22.605
2,109.88856983184814,0,-0.6,22.58
2,110.51500177383423,0,-0.8666666666666667,22.62
2,111.12706279754639,0,-0.9833333333333333,22.6
2,111.75250291824341,0,-0.5666666666666667,22.575
2,112.36424612998962,0,-0.5166666666666667,22.6
2,112.98972487449646,0,-0.55,22.6
2,113.60225367546082,0,-0.4166666666666667,22.58
2,114.21767616271973,0,-0.6833333333333333,22.565
2,114.8643491268158,0,-0.6,22.575
2,115.48101735115051,0,-0.5833333333333334,22.56
2,116.10535454750061,0,-0.5833333333333334,22.575
2,116.71708416938782,0,-0.36666666666666664,22.6
2,117.3285493850708,0,-0.5833333333333334,22.58
2,117.95231342315674,0,-0.5833333333333334,22.575
2,118.56416368484497,0,-0.6166666666666667,22.575
3,10.862743139266968,0,-27.966666666666665,22.445
3,11.474087476730347,0,-44.11666666666667,22.455
3,12.094900369644165,0,-25.116666666666667,22.475
3,12.706602334976196,0,-11.966666666666667,22.51
3,13.323490381240845,0,-6.55,22.46
3,13.945651531219482,0,-19.9,22.545
3,14.576467990875244,0,-14.8,22.495
3,15.187806367874146,0,-16.233333333333334,22.505
3,15.806142330169678,0,-15.966666666666667,22.495
3,16.417850732803345,0,-41.7,22.52
3,17.03641438484192,0,-17.9,22.515
3,17.648085117340088,0,-29.166666666666668,22.505
3,18.267491579055786,0,-16.55,22.5
3,18.879223823547363,0,-20.616666666666667,22.5
3,19.50057554244995,0,-23.15,22.55
3,20.12454080581665,0,-22.466666666666665,22.56
3,20.751592874526978,0,-29.85,22.495
3,21.36268901824951,0,-25.55,22.555
3,21.98025679588318,0,-3.7333333333333334,22.505
3,22.592015504837036,0,-21.466666666666665,22.48
3,23.20352864265442,0,-28.583333333333332,22.525
3,23.82123303413391,0,-12.266666666666667,22.54
3,24.432860851287842,0,-9.75,22.525
3,25.05295753479004,0,-19.216666666666665,22.54
3,25.672159910202026,0,-27.35,22.515
3,26.30689811706543,0,-21.083333333333332,22.515
3,26.91818070411682,0,-30.833333333333332,22.54
3,27.529701232910156,0,-16.45,22.54
3,28.15162181854248,0,-32.28333333333333,22.565
3,28.76482844352722,0,-8.266666666666667,22.525
3,29.385610103607178,0,-24.883333333333333,22.52
3,29.997851371765137,0,-30.85,22.54
3,30.610060691833496,0,-8.9,22.53
3,31.235368728637695,0,-21.6,22.545
3,31.858798265457153,0,-26.533333333333335,22.52
3,32.490986347198486,0,-19.216666666666665,22.54
3,33.10249614715576,0,-23.5,22.525
3,33.723496198654175,0,-25.233333333333334,22.545
3,34.33483099937439,0,-24.183333333333334,22.52
3,34.95443034172058,0,-20.3,22.56
3,35.56571841239929,0,-24.683333333333334,22.535
3,36.18709444999695,0,-15.3,22.56
3,36.79925537109375,0,-22.366666666666667,22.54
3,37.41495394706726,0,-8.883333333333333,22.56
3,38.04828643798828,0,-21.25,22.57
3,38.65946054458618,0,-12.583333333333334,22.53
3,39.27910017967224,0,-1.6,22.54
3,39.89017415046692,0,-25.533333333333335,22.57
3,40.50142574310303,0,-26.15,22.525
3,41.12355828285217,0,-17.083333333333332,22.57
3,41.73553538322449,0,-6.483333333333333,22.515
3,42.35595750808716,0,-12.85,22.51
3,42.97351956367493,0,-39.05,22.55
3,43.60995149612427,0,-19.4,22.56
3,44.221694231033325,0,-31.95,22.53
3,44.83280682563782,0,-6.45,22.545
3,45.4536919593811,0,-12.516666666666667,22.525
3,46.06486392021179,0,-15.15,22.52
3,46.68702507019043,0,-32.2,22.525
3,47.298279762268066,0,-21.45,22.545
3,47.909483194351196,0,-7.266666666666667,22.565
3,48.53986406326294,0,-17.983333333333334,22.54
3,49.16447401046753,0,-24.1,22.575
3,49.80296039581299,0,-31.85,22.56
3,50.41449046134949,0,-20.983333333333334,22.555
3,51.0365252494812,0,-17.533333333333335,22.53
3,51.647568464279175,0,-31.216666666666665,22.52
3,52.2694456577301,0,-22.966666666666665,22.57
3,52.881006479263306,0,-37.88333333333333,22.58
3,53.50337100028992,0,-11.016666666666667,22.495
3,54.11464715003967,0,-10.583333333333334,22.56
3,54.74344539642334,0,-29.616666666666667,22.54
3,55.36761522293091,0,-22.366666666666667,22.52
3,56.01217865943909,0,-22.65,22.58
3,56.62327861785889,0,-15.2,22.555
3,57.24557304382324,0,-6.266666666666667,22.52
3,57.85717988014221,0,-7.166666666666667,22.505
3,58.479912519454956,0,-26.2,22.555
3,59.09106397628784,0,-22.033333333333335,22.54
3,59.702707052230835,0,-22.15,22.565
3,60.32678270339966,0,-8.033333333333333,22.52
3,60.94162964820862,0,-28.183333333333334,22.53
3,61.58359932899475,0,-15.333333333333334,22.54
3,62.194889545440674,0,-14.683333333333334,22.54
3,62.81891441345215,0,-26.583333333333332,22.495
3,63.43053603172302,0,-20.666666666666668,22.53
3,64.05555629730225,0,-31.55,22.545
3,64.66673183441162,0,-29.566666666666666,22.55
3,65.2905867099762,0,-2.4833333333333334,22.505
3,65.90132522583008,0,-21.033333333333335,22.55
3,66.51795363426208,0,-17.283333333333335,22.555
3,67.16295838356018,0,-20.55,22.55
3,67.7741482257843,0,-30.2,22.525
3,68.39908623695374,0,-23.416666666666668,22.515
3,69.01010799407959,0,-23.883333333333333,22.51
3,69.62118601799011,0,-16.016666666666666,22.56
3,70.24593925476074,0,-26.583333333333332,22.52
3,70.85718822479248,0,-42.15,22.52
3,71.48316478729248,0,-19.116666666666667,22.555
3,72.1000554561615,0,-25.866666666666667,22.55
3,72.72399091720581,0,-34.833333333333336,22.545
3,73.37138152122498,0,-21.15,22.55
3,73.98284125328064,0,-32.65,22.555
3,74.61120581626892,0,-27.516666666666666,22.54
3,75.22255373001099,0,-16.866666666666667,22.55
3,75.83372378349304,0,-23.216666666666665,22.525
3,76.45860528945923,0,-12.216666666666667,22.52
3,77.06973600387573,0,-41.1,22.535
3,77.69590735435486,0,-5.6,22.51
3,78.31408500671387,0,-41.4,22.52
3,78.93817329406738,0,-28.933333333333334,22.525
3,79.58472490310669,0,-15.783333333333333,22.525
3,80.1960186958313,0,-25.933333333333334,22.53
3,80.82104063034058,0,-14.266666666666667,22.58
3,81.43199110031128,0,-16.8,22.515
3,82.0572521686554,0,-47.28333333333333,22.535
3,82.66858267784119,0,-26.416666666666668,22.555
3,83.29429268836975,0,-33.18333333333333,22.54
3,83.90520405769348,0,-46.983333333333334,22.54
3,84.52219009399414,0,-29.333333333333332,22.535
3,85.16739559173584,0,-37.233333333333334,22.515
3,85.77845597267151,0,-16.5,22.55
3,86.40382671356201,0,-27.1,22.515
3,87.01493859291077,0,-22.0,22.56
3,87.62603640556335,0,-26.533333333333335,22.555
3,88.25228428840637,0,-3.6333333333333333,22.505
3,88.86336159706116,0,-25.866666666666667,22.545
3,89.48910641670227,0,-36.35,22.55
3,90.10725569725037,0,-33.05,22.515
3,90.73143196105957,0,-39.166666666666664,22.54
3,91.37747001647949,0,-34.15,22.535
3,91.98837757110596,0,-17.583333333333332,22.545
3,92.61386442184448,0,-16.8,22.55
3,93.22534155845642,0,-34.266666666666666,22.54
3,93.83619284629822,0,-29.166666666666668,22.55
3,94.46251487731934,0,-34.983333333333334,22.515
3,95.07428550720215,0,-31.033333333333335,22.54
3,95.70129561424255,0,-18.583333333333332,22.55
3,96.31734156608582,0,-11.183333333333334,22.545
3,96.94053387641907,0,-24.45,22.555
3,97.58660316467285,0,-11.2,22.555
3,98.19830274581909,0,-7.916666666666667,22.565
3,98.82393264770508,0,-5.766666666666667,22.535
3,99.43468642234802,0,-10.566666666666666,22.535
3,100.06063270568848,0,-9.816666666666666,22.54
3,100.67173790931702,0,-4.383333333333334,22.56
3,101.29748940467834,0,-0.9166666666666666,22.54
3,101.90878915786743,0,-0.5666666666666667,22.535
3,102.52559280395508,0,-2.2666666666666666,22.545
3,103.17351651191711,0,-0.85,22.525
3,103.78477549552917,0,-0.55,22.51
3,104.4097228050232,0,-0.7,22.54
3,105.02101850509644,0,-0.8833333333333333,22.53
3,105.63187670707703,0,-0.26666666666666666,22.56
3,106.25795316696167,0,-0.21666666666666667,22.56
3,106.86899614334106,0,-0.11666666666666667,22.52
3,107.49352788925171,0,-0.21666666666666667,22.52
3,108.11042284965515,0,-0.15,22.54
3,108.73393678665161,0,-0.06666666666666667,22.545
3,109.37931680679321,0,-0.16666666666666666,22.545
3,109.99044871330261,0,-0.1,22.535
3,110.61698150634766,0,-0.13333333333333333,22.53
3,111.22883105278015,0,-0.16666666666666666,22.495
3,111.85444164276123,0,-0.11666666666666667,22.54
3,112.46601414680481,0,-0.03333333333333333,22.55
3,113.09168076515198,0,0.03333333333333333,22.55
3,113.7041220664978,0,-0.38333333333333336,22.55
3,114.32152485847473,0,-0.2,22.555
3,114.96624374389648,0,-0.25,22.58
3,115.5826826095581,0,-0.11666666666666667,22.515
3,116.20708513259888,0,-0.1,22.565
3,116.81882309913635,0,-0.03333333333333333,22.54
3,117.43032050132751,0,-0.35,22.515
3,118.05409955978394,0,-0.15,22.545
3,118.66602158546448,0,-0.016666666666666666,22.535
4,10.96469521522522,0,-33.36666666666667,22.42
4,11.576006889343262,0,-34.38333333333333,22.47
4,12.196768760681152,0,-38.666666666666664,22.47
4,12.808342218399048,0,-36.6,22.505
4,13.426323413848877,0,-34.583333333333336,22.48
4,14.049659729003906,0,-14.416666666666666,22.505
4,14.678308248519897,0,-17.416666666666668,22.49
4,15.289588451385498,0,-60.53333333333333,22.5
4,15.90809416770935,0,-43.95,22.495
4,16.519829750061035,0,-45.583333333333336,22.48
4,17.138394117355347,0,-25.216666666666665,22.5
4,17.74999189376831,0,-30.233333333333334,22.495
4,18.369414567947388,0,-41.03333333333333,22.49
4,18.981179237365723,0,-27.85,22.495
4,19.60465717315674,0,-40.18333333333333,22.495
4,20.22825288772583,0,-45.583333333333336,22.515
4,20.853397607803345,0,-52.7,22.525
4,21.46443462371826,0,-23.416666666666668,22.54
4,22.08220338821411,0,-49.93333333333333,22.53
4,22.693979501724243,0,-13.233333333333333,22.505
4,23.305346488952637,0,-40.65,22.525
4,23.923100233078003,0,-44.333333333333336,22.535
4,24.534902811050415,0,-27.366666666666667,22.535
4,25.155036687850952,0,-36.68333333333333,22.555
4,25.77672791481018,0,-32.45,22.51
4,26.40876054763794,0,-13.516666666666667,22.505
4,27.02011489868164,0,-33.016666666666666,22.515
4,27.631664991378784,0,-33.18333333333333,22.5
4,28.253896713256836,0,-39.28333333333333,22.495
4,28.866777420043945,0,-38.78333333333333,22.55
4,29.487628698349,0,-50.833333333333336,22.505
4,30.099910974502563,0,-36.21666666666667,22.565
4,30.71219563484192,0,-35.21666666666667,22.535
4,31.339226484298706,0,-13.433333333333334,22.51
4,31.96261215209961,0,-22.633333333333333,22.535
4,32.59298753738403,0,-27.416666666666668,22.515
4,33.20432949066162,0,-41.083333333333336,22.515
4,33.82523155212402,0,-53.53333333333333,22.515
4,34.43658685684204,0,-46.166666666666664,22.535
4,35.0563805103302,0,-32.333333333333336,22.535
4,35.66753172874451,0,-38.75,22.54
4,36.28914022445679,0,-19.033333333333335,22.525
4,36.90118098258972,0,-35.083333333333336,22.505
4,37.518871784210205,0,-44.38333333333333,22.525
4,38.150222301483154,0,-43.11666666666667,22.535
4,38.76125907897949,0,-34.516666666666666,22.515
4,39.38094925880432,0,-53.78333333333333,22.52
4,39.99212408065796,0,-20.8,22.555
4,40.60341167449951,0,-42.516666666666666,22.535
4,41.22544980049133,0,-47.78333333333333,22.54
4,41.837374448776245,0,-29.766666666666666,22.55
4,42.45772433280945,0,-34.1,22.545
4,43.07799005508423,0,-14.516666666666667,22.525
4,43.71182894706726,0,-48.31666666666667,22.535
4,44.32355546951294,0,-16.233333333333334,22.515
4,44.934749364852905,0,-32.71666666666667,22.53
4,45.55574297904968,0,-26.633333333333333,22.51
4,46.166701793670654,0,-42.78333333333333,22.53
4,46.78895831108093,0,-46.15,22.495
4,47.40010619163513,0,-45.733333333333334,22.53
4,48.0114483833313,0,-45.38333333333333,22.55
4,48.64466094970703,0,-38.5,22.545
4,49.26826190948486,0,-37.68333333333333,22.535
4,49.904853105545044,0,-25.916666666666668,22.51
4,50.516326665878296,0,-44.45,22.53
4,51.13835573196411,0,-36.18333333333333,22.565
4,51.74943232536316,0,-26.516666666666666,22.525
4,52.37133598327637,0,-17.883333333333333,22.52
4,52.98283934593201,0,-12.05,22.52
4,53.60535502433777,0,-25.666666666666668,22.545
4,54.21644353866577,0,-31.383333333333333,22.515
4,54.847357749938965,0,-30.683333333333334,22.575
4,55.47160220146179,0,-41.983333333333334,22.525
4,56.11396288871765,0,-60.1,22.5
4,56.72510027885437,0,-21.133333333333333,22.535
4,57.34744381904602,0,-43.55,22.535
4,57.95899844169617,0,-19.05,22.54
4,58.58185338973999,0,-45.983333333333334,22.535
4,59.19291400909424,0,-26.816666666666666,22.545
4,59.80454921722412,0,-40.78333333333333,22.515
4,60.42860245704651,0,-40.38333333333333,22.54
4,61.04559898376465,0,-19.233333333333334,22.535
4,61.685397148132324,0,-41.96666666666667,22.54
4,62.29670858383179,0,-60.35,22.535
4,62.92084312438965,0,-29.95,22.545
4,63.53256797790527,0,-48.483333333333334,22.495
4,64.15739750862122,0,-48.083333333333336,22.515
4,64.7685661315918,0,-28.433333333333334,22.54
4,65.39237475395203,0,-54.016666666666666,22.545
4,66.00316524505615,0,-49.68333333333333,22.54
4,66.62192916870117,0,-15.616666666666667,22.585
4,67.26472854614258,0,-44.46666666666667,22.53
4,67.87609004974365,0,-45.13333333333333,22.525
4,68.50088167190552,0,-38.7,22.565
4,69.11187219619751,0,-36.03333333333333,22.495
4,69.72295808792114,0,-52.583333333333336,22.55
4,70.3478639125824,0,-38.416666666666664,22.515
4,70.95891094207764,0,-30.483333333333334,22.565
4,71.58513379096985,0,-18.616666666666667,22.515
4,72.20392274856567,0,-35.88333333333333,22.53
4,72.82866668701172,0,-31.383333333333333,22.515
4,73.47319626808167,0,-37.733333333333334,22.54
4,74.08485341072083,0,-46.85,22.535
4,74.71310353279114,0,-44.21666666666667,22.52
4,75.32436299324036,0,-49.36666666666667,22.535
4,75.93545985221863,0,-29.3,22.52
4,76.56046676635742,0,-35.5,22.525
4,77.1715681552887,0,-63.46666666666667,22.55
4,77.79795932769775,0,-58.86666666666667,22.52
4,78.41824507713318,0,-68.03333333333333,22.515
4,79.04214572906494,0,-26.316666666666666,22.515
4,79.6865029335022,0,-28.533333333333335,22.54
4,80.29790043830872,0,-28.516666666666666,22.555
4,80.92276692390442,0,-29.516666666666666,22.57
4,81.53383803367615,0,2.05,22.525
4,82.15902376174927,0,-60.266666666666666,22.575
4,82.77035307884216,0,-58.78333333333333,22.535
4,83.39613914489746,0,-33.85,22.53
4,84.00721645355225,0,-42.86666666666667,22.535
4,84.62619066238403,0,-59.916666666666664,22.52
4,85.26923155784607,0,-54.733333333333334,22.515
4,85.88025760650635,0,-72.93333333333334,22.54
4,86.50566482543945,0,-32.0,22.555
4,87.11674809455872,0,-21.416666666666668,22.56
4,87.72795104980469,0,-27.333333333333332,22.515
4,88.35410785675049,0,-65.81666666666666,22.525
4,88.96509099006653,0,-56.0,22.535
4,89.59115290641785,0,-55.166666666666664,22.555
4,90.21127414703369,0,-27.016666666666666,22.515
4,90.83562111854553,0,-34.65,22.545
4,91.47932767868042,0,-40.266666666666666,22.535
4,92.09019804000854,0,-42.5,22.53
4,92.71581792831421,0,-38.233333333333334,22.535
4,93.32707571983337,0,-64.58333333333333,22.525
4,93.93790316581726,0,-51.016666666666666,22.525
4,94.56435346603394,0,-46.516666666666666,22.52
4,95.17609357833862,0,-32.5,22.535
4,95.80315113067627,0,-69.38333333333334,22.535
4,96.4211540222168,0,-35.21666666666667,22.515
4,97.0442886352539,0,-32.11666666666667,22.545
4,97.68865704536438,0,-29.1,22.555
4,98.30027627944946,0,-23.333333333333332,22.515
4,98.9256603717804,0,-9.516666666666667,22.53
4,99.53645491600037,0,-9.133333333333333,22.535
4,100.16248440742493,0,-11.833333333333334,22.555
4,100.77353286743164,0,-6.266666666666667,22.515
4,101.39926433563232,0,-6.45,22.525
4,102.01068758964539,0,-3.066666666666667,22.53
4,102.62963652610779,0,-3.95,22.515
4,103.27550506591797,0,-1.9666666666666666,22.53
4,103.8866515159607,0,-1.5666666666666667,22.565
4,104.51149487495422,0,-0.8833333333333333,22.52
4,105.12276601791382,0,-0.9666666666666667,22.535
4,105.73386478424072,0,-0.7,22.54
4,106.35978722572327,0,-0.43333333333333335,22.535
4,106.9707260131836,0,-0.31666666666666665,22.55
4,107.59529089927673,0,-0.5333333333333333,22.555
4,108.21423625946045,0,-0.38333333333333336,22.505
4,108.8377776145935,0,-0.3333333333333333,22.52
4,109.48110747337341,0,-0.35,22.56
4,110.09235763549805,0,-0.23333333333333334,22.525
4,110.71900534629822,0,-0.55,22.555
4,111.3306052684784,0,-0.5166666666666667,22.55
4,111.956294298172,0,-0.45,22.55
4,112.56775426864624,0,-0.3333333333333333,22.535
4,113.19365668296814,0,-0.31666666666666665,22.525
4,113.80589842796326,0,-0.4,22.53
4,114.42535352706909,0,-0.5166666666666667,22.545
4,115.06808996200562,0,-0.4166666666666667,22.54
4,115.68463897705078,0,-0.36666666666666664,22.53
4,116.30897545814514,0,-0.4,22.55
4,116.92068719863892,0,-0.4,22.565
4,117.53216862678528,0,-0.43333333333333335,22.525
4,118.15601444244385,0,-0.23333333333333334,22.575
4,118.76779842376709,0,-0.4,22.54
5,11.066748857498169,0,-20.633333333333333,22.295
5,11.677883863449097,0,-26.216666666666665,22.345
5,12.298768043518066,0,-18.216666666666665,22.35
5,12.910251140594482,0,-10.9,22.34
5,13.530177354812622,0,-12.916666666666666,22.34
5,14.153483867645264,0,-21.733333333333334,22.41
5,14.780132532119751,0,-28.233333333333334,22.37
5,15.391329765319824,0,-22.516666666666666,22.375
5,16.010148763656616,0,-24.3,22.395
5,16.62188458442688,0,-32.36666666666667,22.38
5,17.24031972885132,0,-26.2,22.38
5,17.85191798210144,0,-30.466666666666665,22.395
5,18.47128129005432,0,-25.166666666666668,22.355
5,19.08326029777527,0,-24.583333333333332,22.365
5,19.70856261253357,0,-28.166666666666668,22.395
5,20.33213973045349,0,-24.633333333333333,22.38
5,20.95525550842285,0,-20.7,22.365
5,21.56635594367981,0,-18.333333333333332,22.42
5,22.184242486953735,0,-40.4,22.36
5,22.795886754989624,0,-24.45,22.405
5,23.4070463180542,0,-8.9,22.415
5,24.025066375732422,0,-23.033333333333335,22.405
5,24.6367347240448,0,-29.95,22.435
5,25.25721836090088,0,-25.216666666666665,22.395
5,25.881184339523315,0,-12.55,22.435
5,26.51073408126831,0,-12.816666666666666,22.42
5,27.122009992599487,0,-27.466666666666665,22.415
5,27.7335844039917,0,-24.1,22.4
5,28.356159210205078,0,-19.316666666666666,22.385
5,28.96898341178894,0,-18.316666666666666,22.37
5,29.58969807624817,0,-33.18333333333333,22.415
5,30.201834201812744,0,-22.283333333333335,22.405
5,30.814147233963013,0,-26.15,22.39
5,31.442997694015503,0,-24.266666666666666,22.415
5,32.066627740859985,0,-3.6,22.415
5,32.694788217544556,0,-37.0,22.395
5,33.30627369880676,0,-30.033333333333335,22.41
5,33.927199602127075,0,-33.31666666666667,22.415
5,34.53845739364624,0,-22.8,22.405
5,35.158236265182495,0,-23.966666666666665,22.375
5,35.76935076713562,0,-20.266666666666666,22.375
5,36.39116859436035,0,-30.433333333333334,22.395
5,37.003231048583984,0,-29.566666666666666,22.415
5,37.62296152114868,0,-19.45,22.435
5,38.25203537940979,0,-25.0,22.395
5,38.86299443244934,0,-14.233333333333333,22.4
5,39.48271083831787,0,-23.466666666666665,22.395
5,40.094040632247925,0,-19.25,22.375
5,40.70521020889282,0,-17.933333333333334,22.385
5,41.32740592956543,0,-28.1,22.42
5,41.93927454948425,0,-28.216666666666665,22.425
5,42.55969214439392,0,-25.533333333333335,22.405
5,43.18214774131775,0,-24.366666666666667,22.405
5,43.81376624107361,0,-27.216666666666665,22.4
5,44.42530679702759,0,-29.233333333333334,22.395
5,45.0366907119751,0,-24.483333333333334,22.395
5,45.65754842758179,0,-22.35,22.445
5,46.268864154815674,0,-24.833333333333332,22.44
5,46.8907151222229,0,-20.916666666666668,22.42
5,47.5019052028656,0,-32.25,22.425
5,48.11336278915405,0,-27.116666666666667,22.385
5,48.748679637908936,0,-19.216666666666665,22.415
5,49.37212824821472,0,-38.15,22.425
5,50.00682091712952,0,-20.216666666666665,22.43
5,50.61829447746277,0,-17.65,22.435
5,51.240074157714844,0,-18.3,22.395
5,51.85119986534119,0,-35.11666666666667,22.39
5,52.47316646575928,0,-41.5,22.43
5,53.0848228931427,0,-23.716666666666665,22.435
5,53.70723104476929,0,-19.616666666666667,22.445
5,54.31826829910278,0,-21.35,22.43
5,54.9514844417572,0,-21.783333333333335,22.395
5,55.57605862617493,0,-32.333333333333336,22.39
5,56.21579623222351,0,-35.38333333333333,22.405
5,56.82687759399414,0,-18.3,22.405
5,57.44925308227539,0,-25.6,22.395
5,58.060975313186646,0,-15.183333333333334,22.435
5,58.68362736701965,0,-30.366666666666667,22.41
5,59.29487228393555,0,-34.81666666666667,22.4
5,59.90644454956055,0,-15.933333333333334,22.425
5,60.53042650222778,0,-21.716666666666665,22.4
5,61.149619817733765,0,-19.5,22.45
5,61.78728914260864,0,-38.81666666666667,22.415
5,62.39853644371033,0,-30.816666666666666,22.405
5,63.022788763046265,0,-24.583333333333332,22.41
5,63.63449954986572,0,-30.266666666666666,22.435
5,64.25916409492493,0,-34.38333333333333,22.425
5,64.8703064918518,0,-23.2,22.39
5,65.49407863616943,0,-25.65,22.435
5,66.10510635375977,0,-26.166666666666668,22.42
5,66.7257490158081,0,-26.683333333333334,22.38
5,67.36652636528015,0,-33.13333333333333,22.44
5,67.97795486450195,0,-18.95,22.425
5,68.60280251502991,0,-38.416666666666664,22.395
5,69.21367573738098,0,-29.766666666666666,22.415
5,69.82476878166199,0,-42.5,22.42
5,70.44971442222595,0,-18.683333333333334,22.435
5,71.06083345413208,0,-26.45,22.435
5,71.68692708015442,0,-19.683333333333334,22.44
5,72.30776286125183,0,-11.65,22.43
5,72.93346977233887,0,-18.016666666666666,22.415
5,73.57525873184204,0,-33.18333333333333,22.39
5,74.18684434890747,0,-15.333333333333334,22.375
5,74.81501507759094,0,-23.433333333333334,22.435
5,75.42625784873962,0,-20.466666666666665,22.38
5,76.03737020492554,0,-28.166666666666668,22.395
5,76.66238188743591,0,-41.46666666666667,22.43
5,77.27340841293335,0,-35.06666666666667,22.39
5,77.90002608299255,0,-39.43333333333333,22.38
5,78.52238750457764,0,-38.016666666666666,22.455
5,79.14590287208557,0,-39.35,22.42
5,79.78831434249878,0,-21.783333333333335,22.395
5,80.39975190162659,0,-44.016666666666666,22.435
5,81.0247130393982,0,-38.1,22.415
5,81.63574743270874,0,-18.916666666666668,22.45
5,82.26090931892395,0,-25.75,22.375
5,82.87228655815125,0,-28.75,22.395
5,83.49785947799683,0,-40.483333333333334,22.44
5,84.10909581184387,0,-26.116666666666667,22.435
5,84.73002219200134,0,-39.85,22.415
5,85.37094140052795,0,-28.633333333333333,22.41
5,85.9820294380188,0,-29.583333333333332,22.415
5,86.60759449005127,0,-26.55,22.38
5,87.21856808662415,0,-33.6,22.415
5,87.82982611656189,0,-34.083333333333336,22.415
5,88.45592761039734,0,-28.516666666666666,22.395
5,89.06701183319092,0,-25.7,22.415
5,89.69299149513245,0,-25.033333333333335,22.395
5,90.31521248817444,0,-32.583333333333336,22.42
5,90.93946480751038,0,-42.11666666666667,22.42
5,91.58110737800598,0,-36.1,22.43
5,92.19201302528381,0,-14.35,22.435
5,92.8177101612091,0,-46.583333333333336,22.395
5,93.4289174079895,0,-33.766666666666666,22.415
5,94.03968477249146,0,-32.95,22.44
5,94.66626644134521,0,-36.5,22.45
5,95.2779176235199,0,-35.583333333333336,22.395
5,95.90492296218872,0,-34.43333333333333,22.42
5,96.52484011650085,0,-20.016666666666666,22.39
5,97.14804649353027,0,-20.85,22.435
5,97.79049754142761,0,-18.2,22.435
5,98.40211772918701,0,-17.433333333333334,22.385
5,99.02746605873108,0,-11.316666666666666,22.41
5,99.63839530944824,0,-9.866666666666667,22.425
5,100.26434135437012,0,-8.383333333333333,22.435
5,100.87536931037903,0,-5.283333333333333,22.41
5,101.50110983848572,0,-3.6,22.435
5,102.11247634887695,0,-3.8,22.41
5,102.73361682891846,0,-1.6166666666666667,22.38
5,103.37733197212219,0,-1.7,22.415
5,103.98836135864258,0,-0.85,22.415
5,104.61349391937256,0,-0.2,22.375
5,105.22455883026123,0,-0.6,22.435
5,105.83569383621216,0,-0.35,22.425
5,106.4616048336029,0,-0.3,22.41
5,107.07251834869385,0,-0.3,22.425
5,107.69724249839783,0,-0.18333333333333332,22.425
5,108.31822943687439,0,-0.15,22.395
5,108.94151473045349,0,-0.4,22.405
5,109.5828685760498,0,-0.21666666666666667,22.395
5,110.19426226615906,0,-0.15,22.415
5,110.82090902328491,0,-0.45,22.435
5,111.43236136436462,0,-0.16666666666666666,22.415
5,112.05828619003296,0,-0.2,22.41
5,112.6697850227356,0,-0.06666666666666667,22.39
5,113.29554057121277,0,-0.3333333333333333,22.375
5,113.90777254104614,0,-0.36666666666666664,22.43
5,114.52920460700989,0,-0.3333333333333333,22.415
5,115.16985630989075,0,-0.016666666666666666,22.395
5,115.78645586967468,0,-0.2,22.405
5,116.41090226173401,0,-0.31666666666666665,22.425
5,117.02244782447815,0,0.05,22.37
5,117.63416075706482,0,-0.2833333333333333,22.375
5,118.25787401199341,0,-0.21666666666666667,22.405
5,118.86966156959534,0,-0.2833333333333333,22.425
